funcion_entrenamiento,n_neurons,avg_c,C1_1,C1_2,C1_3,C2_1,C2_2,C2_3,C3_1,C3_2,C3_3,tiempo_entrenamiento
traincgb,1,0.0679027777777778,40.8,5.4,119.8,8.5,17.5,342,5.8,7.4,6652.8,1.415625
traincgb,2,0.0601944444444445,80.6,9.1,76.3,13.3,39.2,315.5,11.1,8.1,6646.8,1.034375
traincgb,3,0.0517083333333333,132.6,18.8,14.6,24.3,60.8,282.9,17.6,14.1,6634.3,1.4578125
traincgb,4,0.056625,111.6,8.5,45.9,16.8,41.8,309.4,17,10.1,6638.9,1.1828125
traincgb,5,0.0547916666666667,117,14.7,34.3,16.5,50.2,301.3,13.1,14.6,6638.3,1.5671875
traincgb,6,0.0497222222222222,128.9,21.1,16,13.5,79.8,274.7,14.9,17.8,6633.3,1.8078125
traincgb,7,0.0515138888888889,131.8,17,17.2,17.8,62.1,288.1,17.7,13.1,6635.2,1.603125
traincgb,8,0.05125,128.8,20.9,16.3,9.4,71,287.6,16.7,18.1,6631.2,1.5984375
traincgb,9,0.0442222222222222,127.8,20.7,17.5,13.8,119,235.2,15.6,15.6,6634.8,2.2734375
traincgb,10,0.0512916666666667,126,21,19,7.9,65.7,294.4,14,13,6639,1.8546875
traincgb,11,0.0544861111111111,125.5,15.4,25.1,6.2,40.1,321.7,15.7,8.2,6642.1,2.2578125
traincgb,12,0.0505694444444444,127.4,21.7,16.9,7,75.9,285.1,16,17.4,6632.6,2.8765625
traincgb,13,0.0430416666666667,126.5,18.6,20.9,8.9,125.4,233.7,14,13.8,6638.2,3.4703125
traincgb,14,0.0464444444444444,129.9,18.2,17.9,7.8,100.3,259.9,15.9,14.7,6635.4,2.5703125
traincgb,15,0.0497361111111111,128.7,20.3,17,8.8,78.8,280.4,15.3,16.3,6634.4,2.121875
traincgb,16,0.0485694444444445,131.5,14.7,19.8,7.4,79.9,280.7,16,11.1,6638.9,2.0953125
traincgb,17,0.0463888888888889,130.9,15.5,19.6,6.6,94.9,266.5,14.6,11.2,6640.2,2.4703125
traincgb,18,0.0441111111111111,134.4,15.4,16.2,8.7,114.2,245.1,17.2,15,6633.8,2.5390625
traincgb,19,0.042625,131.7,16.2,18.1,5.8,124.8,237.4,14.6,14.8,6636.6,2.9671875
traincgb,20,0.0470555555555556,131.1,16.2,18.7,6.9,92.4,268.7,15.7,12.6,6637.7,2.4671875
traincgb,21,0.0539722222222222,126.5,19.3,20.2,6.7,46.5,314.8,15.9,11.7,6638.4,1.946875
traincgb,22,0.0443611111111111,129.3,19.3,17.4,4.9,114.6,248.5,14.8,14.5,6636.7,2.8359375
traincgb,23,0.0513611111111111,129.8,16.1,20.1,5.2,60.9,301.9,15.9,10.6,6639.5,2.2125
traincgb,24,0.0452361111111111,129,20.7,16.3,6.3,108.3,253.4,13.2,15.8,6637,3.0640625
traincgb,25,0.0505,126.8,18.6,20.6,5.3,69.9,292.8,15.4,10.9,6639.7,2.278125
traincgb,26,0.0431111111111111,134.8,15,16.2,6.6,118.8,242.6,16.6,13.4,6636,3.0015625
traincgb,27,0.0508611111111111,130.2,16,19.8,5.6,67.5,294.9,16.2,13.7,6636.1,2.5109375
traincgb,28,0.0463472222222222,131.7,16.7,17.6,5.6,96.5,265.9,14.8,13.1,6638.1,2.971875
traincgb,29,0.0413472222222222,132.3,15.9,17.8,5.4,132.2,230.4,14.2,14,6637.8,3.559375
traincgb,30,0.0511111111111111,127.8,17.5,20.7,6.7,63.8,297.5,14.6,11,6640.4,2.4109375
traincgb,31,0.0406666666666667,131.1,17.5,17.4,4.9,138.1,225,14.6,13.4,6638,3.8046875
traincgb,32,0.0472361111111111,129.4,19.8,16.8,4.5,95,268.5,16.9,13.6,6635.5,2.9046875
traincgb,33,0.049375,130.1,17.2,18.7,5.7,74.6,287.7,15.7,10.5,6639.8,2.8375
traincgb,34,0.0412083333333333,136.1,14.1,15.8,6.1,131.2,230.7,15.8,14.2,6636,4.034375
traincgb,35,0.0461666666666667,130.3,15.9,19.8,3.5,98.2,266.3,15.7,11.2,6639.1,3.5578125
traincgb,36,0.0439444444444444,130,17.6,18.4,3.3,116.9,247.8,15.7,13.6,6636.7,4.096875
traincgb,37,0.0448888888888889,128.8,15.4,21.8,2.9,107.9,257.2,15.1,10.8,6640.1,4.3859375
traincgb,38,0.040875,131.1,17.9,17,3.5,137.8,226.7,13.9,15.3,6636.8,4.5546875
traincgb,39,0.0452638888888889,129.2,14.6,22.2,5.1,103.5,259.4,14.7,9.9,6641.4,5.0671875
traincgb,40,0.0484583333333333,130.4,15.8,19.8,4.9,83.5,279.6,17.8,11,6637.2,3.7921875
traincgb,41,0.0396666666666667,133.2,16.4,16.4,2.1,144.5,221.4,15.6,13.7,6636.7,6.3484375
traincgb,42,0.0388055555555556,133,17.5,15.5,3.2,152.5,212.3,15.2,15.7,6635.1,5.9375
traincgb,43,0.0477638888888889,128.6,19.8,17.6,4.8,89.1,274.1,13.8,13.8,6638.4,4.65
traincgb,44,0.0490833333333333,129.8,16.9,19.3,4.1,79.3,284.6,15.9,12.6,6637.5,4.296875
traincgb,45,0.0456527777777778,130,13.9,22.1,3.3,100.9,263.8,15,10.6,6640.4,5.2859375
traincgb,46,0.0459444444444444,130.2,16.5,19.3,4.4,98.9,264.7,14.4,11.5,6640.1,4.5703125
traincgb,47,0.0555138888888889,123.7,16.9,25.4,3.5,35.2,329.3,16.1,8.5,6641.4,2.9671875
traincgb,48,0.0444722222222222,128.5,17.9,19.6,3.6,115,249.4,17.2,12.5,6636.3,4.3875
traincgb,49,0.0423333333333333,133.4,17.2,15.4,6.2,126.8,235,15,16,6635,5.290625
traincgb,50,0.0456944444444444,131.8,16.5,17.7,3.1,101.8,263.1,15.5,13.1,6637.4,5.18125
traincgb,51,0.0528194444444444,127.4,15.5,23.1,3,52.2,312.8,16.1,9.8,6640.1,3.8078125
traincgb,52,0.0516111111111111,131.5,14.4,20.1,4.2,56.7,307.1,18.1,7.7,6640.2,3.875
traincgb,53,0.0467638888888889,129.3,19.5,17.2,2.8,97.7,267.5,15.3,14.4,6636.3,5.1640625
traincgb,54,0.0481666666666667,129.9,18.8,17.3,4.2,84.1,279.7,17.4,9.4,6639.2,4.7203125
traincgb,55,0.0500416666666667,126.1,21,18.9,2.4,80.8,284.8,16.8,16.4,6632.8,4.34375
traincgb,56,0.0494722222222222,128.5,17,20.5,3.2,75.3,289.5,15.8,10.2,6640,4.603125
traincgb,57,0.0431805555555556,130.6,19.8,15.6,4,123.4,240.6,15.3,15.6,6635.1,6.4375
traincgb,58,0.0465138888888889,131.6,13.5,20.9,3.3,94.5,270.2,16.6,10.4,6639,13.21875
traincgb,59,0.0494166666666667,128.3,18.5,19.2,3,76.5,288.5,16.5,10.1,6639.4,11.5359375
traincgb,60,0.0445555555555556,132,16.7,17.3,3.3,107.5,257.2,14.9,11.4,6639.7,15.1203125
traincgb,61,0.0498472222222222,127.9,18.2,19.9,1.9,73.2,292.9,15.8,10.2,6640,12.5921875
traincgb,62,0.0519305555555556,129.1,16.4,20.5,3.9,57.9,306.2,18.6,8.3,6639.1,10.546875
traincgb,63,0.0525138888888889,126.8,17.7,21.5,3.4,55.3,309.3,16.7,9.5,6639.8,10.1421875
traincgb,64,0.0502916666666667,127.9,17.4,20.7,4,69.5,294.5,15.4,10.1,6640.5,11.25
traincgb,65,0.050125,125.5,19.8,20.7,3.8,75.5,288.7,15.7,12.2,6638.1,12.6703125
traincgb,66,0.0487361111111111,131.8,14.7,19.5,3,77.1,287.9,17.9,7.9,6640.2,13.8984375
traincgb,67,0.04825,129.7,18.1,18.2,2.1,83.5,282.4,15.7,10.9,6639.4,14.953125
traincgb,68,0.0527361111111111,125.9,18.5,21.6,3.4,54.4,310.2,17,9,6640,10.3796875
traincgb,69,0.0462916666666667,130.1,18,17.9,3.1,99.5,265.4,16.2,12.7,6637.1,15.240625
traincgb,70,0.0498611111111111,128.1,17,20.9,3,74,291,16.5,10.6,6638.9,13.4484375
traincgb,71,0.0472083333333333,128.7,18.1,19.2,2.8,90.6,274.6,14.9,10.3,6640.8,15.9
traincgb,72,0.0498472222222222,128.4,16.9,20.7,3.8,73.3,290.9,15.4,11.2,6639.4,12.4859375
traincgb,73,0.0529027777777778,126.5,17.7,21.8,1.8,51.6,314.6,15.3,9.7,6641,11.478125
traincgb,74,0.0475,129.9,18.1,18,3.1,93,271.9,17.8,13.1,6635.1,13.590625
traincgb,75,0.0524305555555556,127.7,15.8,22.5,2.4,55.8,309.8,17,10,6639,11.875
traincgb,76,0.0507638888888889,127,17.3,21.7,3.6,67.8,296.6,16,10.3,6639.7,13.103125
traincgb,77,0.0510972222222222,124.6,15.3,26.1,2.4,65.7,299.9,14.7,9.5,6641.8,13.178125
traincgb,78,0.0508888888888889,129.3,19.1,17.6,3,68.3,296.7,17.2,12.8,6636,13.3140625
traincgb,79,0.0507361111111111,127.7,17.3,21,2.6,69.2,296.2,17.7,10.5,6637.8,14.6578125
traincgb,80,0.0493472222222222,130.9,15.8,19.3,2.3,73.9,291.8,16.8,9.3,6639.9,14.9078125
traincgb,81,0.0520416666666667,127.3,19.2,19.5,2.3,59.2,306.5,14.4,12.8,6638.8,13.684375
traincgb,82,0.04975,128.7,17.7,19.6,2.6,77.8,287.6,19.1,11.6,6635.3,15.5984375
traincgb,83,0.0479722222222222,131.3,18.8,15.9,2.7,88,277.3,18.5,12.2,6635.3,16.790625
traincgb,84,0.0525,126.3,15.9,23.8,2.4,54.3,311.3,15.8,8.8,6641.4,12.815625
traincgb,85,0.0537777777777778,125.4,17.1,23.5,1.8,45.2,321,16.5,7.3,6642.2,12.5375
traincgb,86,0.0420138888888889,135.7,15.1,15.2,3.1,125.8,239.1,16.5,13.5,6636,20.2703125
traincgb,87,0.0512222222222222,129.4,17.2,19.4,2.4,61.9,303.7,17.4,8.7,6639.9,15.540625
traincgb,88,0.0501666666666667,130.4,16.3,19.3,3.3,69.1,295.6,17.6,9.1,6639.3,15.0203125
traincgb,89,0.0506805555555555,129.5,18.1,18.4,3.4,69.7,294.9,17.9,12.2,6635.9,16.1578125
traincgb,90,0.0530138888888889,127,16.4,22.6,1.9,48.8,317.3,15.9,7.6,6642.5,13.3015625
traincgb,91,0.049125,132.1,16.8,17.1,3.3,81.5,283.2,19.7,13.6,6632.7,15.634375
traincgb,92,0.0499583333333333,132.7,16.8,16.5,2.9,69.6,295.5,18.4,9.6,6638,15.35
traincgb,93,0.0500972222222222,129.4,14.9,21.7,2.4,68.1,297.5,16.1,8.1,6641.8,16.6375
traincgb,94,0.0463055555555556,132,16.2,17.8,2,96.5,269.5,17.6,10.3,6638.1,20.2375
traincgb,95,0.0484027777777778,130.9,16.4,18.7,2.9,81.9,283.2,17.1,10.2,6638.7,17.3
traincgb,96,0.0510138888888889,132.7,15.1,18.2,2.7,63.8,301.5,19.5,10.3,6636.2,14.4546875
traincgb,97,0.0522916666666667,129.2,14.2,22.6,2.3,53.5,312.2,17.2,8,6640.8,15.021875
traincgb,98,0.0511388888888889,128.1,17.8,20.1,2.5,63.5,302,16.9,8.9,6640.2,15.0625
traincgb,99,0.0445833333333333,132.4,17.7,15.9,2.1,111.2,254.7,16.8,13.8,6635.4,22.9359375
traincgb,100,0.0508333333333333,123.7,15.7,26.6,2.4,69.1,296.5,15.5,9.3,6641.2,16.64375
traincgb,101,0.0529166666666667,124.9,19.4,21.7,2.3,55.4,310.3,17.4,9.9,6638.7,13.9734375
traincgb,102,0.047625,132.5,16.2,17.3,1.9,87.6,278.5,19.7,9.3,6637,17.309375
traincgb,103,0.0513611111111111,125.9,15.9,24.2,3,64.3,300.7,16,10,6640,15.690625
traincgb,104,0.049,131,14.7,20.3,1.6,76.7,289.7,17.1,9.4,6639.5,17.5671875
traincgb,105,0.0502638888888889,130.9,15.6,19.5,2.2,67.8,298,17.6,9,6639.4,17.3484375
traincgb,106,0.0515138888888889,127.3,16.6,22.1,1.4,61.2,305.4,16.8,8.6,6640.6,15.39375
traincgb,107,0.0454444444444444,135,16,15,2.2,102.5,263.3,19.5,11.2,6635.3,22.8984375
traincgb,108,0.0494722222222222,127.3,17.7,21,1.2,75.5,291.3,15.2,9.8,6641,17.6578125
traincgb,109,0.0566527777777778,121.8,18.5,25.7,2.2,26.8,339,15.7,6.8,6643.5,10.9734375
traincgb,110,0.0440833333333333,133.5,15.9,16.6,1.5,112,254.5,17.4,11.5,6637.1,20.78125
traincgb,111,0.0514583333333333,127.4,15.8,22.8,2.8,64,301.2,18.3,9.6,6638.1,15.6828125
traincgb,112,0.04975,130,16,20,1.6,70.3,296.1,15.9,8.6,6641.5,18.5171875
traincgb,113,0.0531111111111111,128.5,18.6,18.9,2.7,50.8,314.5,19.1,8.6,6638.3,14.7234375
traincgb,114,0.0480694444444444,130.7,16.3,19,1.4,86.6,280,19.3,10.1,6636.6,17.96875
traincgb,115,0.0486805555555556,128.3,17.3,20.4,1.4,82.4,284.2,16.1,11.1,6638.8,20.5328125
traincgb,116,0.0516527777777778,130.1,16.6,19.3,3.4,61.7,302.9,20.2,9.5,6636.3,15.6671875
traincgb,117,0.0508055555555555,128.4,15.1,22.5,1.5,65.7,300.8,16.9,9,6640.1,17.7515625
traincgb,118,0.0507083333333333,130.4,18.1,17.5,1.9,67.2,298.9,18.7,10,6637.3,18.721875
traincgb,119,0.0522638888888889,128.9,17.5,19.6,1.9,55.3,310.8,18.8,7.7,6639.5,16.9
traincgb,120,0.0509444444444444,129.1,17,19.9,1.9,65.5,300.6,17.4,10,6638.6,17.609375
traincgb,121,0.0511805555555556,129.9,18.7,17.4,2.1,64.5,301.4,19,9.9,6637.1,17.703125
traincgb,122,0.0475138888888889,129.3,17.6,19.1,1.8,89.6,276.6,16.7,10.3,6639,22.3171875
traincgb,123,0.051875,126.5,18.2,21.3,1.3,60.5,306.2,16.5,10,6639.5,17.796875
traincgb,124,0.0463333333333333,130.1,18.3,17.6,2.1,99.1,266.8,16.1,12.7,6637.2,23.7484375
traincgb,125,0.048125,128.8,16.4,20.8,1.5,84.9,281.6,16.5,9.7,6639.8,20.778125
traincgb,126,0.0477916666666667,132.9,15.9,17.2,1.7,85.5,280.8,18.9,9.6,6637.5,23.8046875
traincgb,127,0.0527361111111111,126.8,16.4,22.8,1.7,51.5,314.8,17.8,6.2,6642,16.8359375
traincgb,128,0.0565,115.1,17.4,33.5,1.4,33.4,333.2,14.1,7.2,6644.7,13.3984375
traincgb,129,0.04725,131.5,18.6,15.9,1.3,92,274.7,18.7,11,6636.3,25.3921875
traincgb,130,0.0455972222222222,130.4,16.2,19.4,1.7,102.3,264,17.1,9.9,6639,26.50625
traincgb,131,0.046,135.1,15.2,15.7,1.4,97.3,269.3,19.6,10,6636.4,28.3671875
traincgb,132,0.0541666666666667,127.6,17.1,21.3,2.1,43.5,322.4,18,9.1,6638.9,17.24375
traincgb,133,0.0538888888888889,124.2,21.6,20.2,1.7,47.6,318.7,17.1,8.7,6640.2,16.9765625
traincgb,134,0.0521944444444444,125.2,18.7,22.1,1.8,60,306.2,16.6,10.4,6639,18.384375
traincgb,135,0.0501111111111111,125.3,18.1,22.6,1.6,72.5,293.9,16.1,8.5,6641.4,23.821875
traincgb,136,0.0486944444444444,129.9,18.4,17.7,1.2,81.5,285.3,18,10,6638,26.44375
traincgb,137,0.0509166666666667,131.5,15.6,18.9,1.9,62.8,303.3,18.7,8.2,6639.1,22.5671875
traincgb,138,0.0552638888888889,126.5,15.4,24.1,2.1,32.9,333,17.5,5.8,6642.7,16.75
traincgb,139,0.0479305555555556,132.7,16.4,16.9,1.3,87.7,279,18.8,12.7,6634.5,24.459375
traincgb,140,0.053875,127.2,17.5,21.3,1.9,44.5,321.6,17.3,8.3,6640.4,18.2828125
traincgb,141,0.0492361111111111,125.1,18.6,22.3,1.3,80.2,286.5,16,9.8,6640.2,26.621875
traincgb,142,0.0540972222222222,126.3,14.9,24.8,1.9,43.5,322.6,16.6,8.7,6640.7,16.7421875
traincgb,143,0.0525416666666667,128.4,16.5,21.1,1.7,53,313.3,16.7,9,6640.3,20.1140625
traincgb,144,0.0538333333333333,126.3,16.9,22.8,1.5,44,322.5,17.1,6.8,6642.1,19.665625
traincgb,145,0.0536944444444444,122.9,14.8,28.3,1.7,48.6,317.7,16.3,7.8,6641.9,20.0703125
traincgb,146,0.0457222222222222,132,16.3,17.7,1.5,103,263.5,18,12.2,6635.8,29.796875
traincgb,147,0.0478333333333333,129.7,17.4,18.9,1.6,88,278.4,17.8,10.3,6637.9,28.64375
traincgb,148,0.0543472222222222,124.6,13.3,28.1,1.8,39,327.2,14.5,6.4,6645.1,18.7625
traincgb,149,0.0506666666666667,128.8,19.2,18,1.5,66.6,299.9,18.2,8,6639.8,25.4671875
traincgb,150,0.0499583333333333,129,16.2,20.8,1.6,70.3,296.1,16.4,8.6,6641,23.2484375
traincgf,1,0.0725138888888889,15.1,0.7,150.2,3,1.5,363.5,3,1.7,6661.3,0.76875
traincgf,2,0.0741527777777778,0,0,166,0,0.1,367.9,0,0,6666,0.85625
traincgf,3,0.0752916666666667,5.2,16.4,144.4,2.9,5.3,359.8,5,13.6,6647.4,0.9484375
traincgf,4,0.0698055555555556,37.9,4.4,123.7,2.8,4.7,360.5,5.4,5.8,6654.8,0.9875
traincgf,5,0.0687361111111111,43.1,17.4,105.5,8,11.3,348.7,4.9,10.4,6650.7,1.0703125
traincgf,6,0.065875,80.3,10.4,75.3,12.1,9.1,346.8,17.1,12.6,6636.3,1.190625
traincgf,7,0.0638611111111111,93.2,10.8,62,9.2,17.3,341.5,20.7,15.6,6629.7,1.3984375
traincgf,8,0.0624583333333333,103.3,12.7,50,13.3,13.8,340.9,18.5,14.3,6633.2,1.29375
traincgf,9,0.0569722222222222,120.8,12.9,32.3,14.4,38.1,315.5,16.8,18.3,6630.9,1.7171875
traincgf,10,0.0618611111111111,106.9,15.2,43.9,8.2,12,347.8,19.9,10.4,6635.7,1.4640625
traincgf,11,0.05725,118.9,12.6,34.5,19.5,34.2,314.3,16.8,14.5,6634.7,2.0796875
traincgf,12,0.0563055555555556,126.1,15.5,24.4,13.4,41.9,312.7,24.7,14.7,6626.6,1.8234375
traincgf,13,0.059625,107,35,24,8.9,45,314.1,14.2,33.1,6618.7,1.7515625
traincgf,14,0.05475,125.4,17.1,23.5,13.7,43.9,310.4,14.6,14.9,6636.5,2
traincgf,15,0.0571944444444445,134.2,12.6,19.2,10.7,22.5,334.8,21.7,12.8,6631.5,1.6234375
traincgf,16,0.0565833333333333,128.3,14.8,22.9,8.1,30.3,329.6,16.4,15.6,6634,1.9203125
traincgf,17,0.0539166666666667,127.5,17.6,20.9,7.1,50.8,310.1,15.9,16.6,6633.5,2.1125
traincgf,18,0.0530416666666667,132.2,12.9,20.9,11.9,56.1,300,17.7,18.5,6629.8,2.603125
traincgf,19,0.0575694444444444,132.9,12.5,20.6,10.1,15.9,342,20.8,8.5,6636.7,2.346875
traincgf,20,0.0488194444444444,127.1,23,15.9,13.7,94.7,259.6,13.4,25.9,6626.7,2.6953125
traincgf,21,0.0512222222222222,134.9,14,17.1,9.9,63.2,294.9,18.7,14.2,6633.1,2.5625
traincgf,22,0.0527777777777778,128.7,17.5,19.8,8.2,59.2,300.6,16.9,17,6632.1,2.284375
traincgf,23,0.0523194444444444,128,20.2,17.8,10.3,62.8,294.9,15.9,17.6,6632.5,2.625
traincgf,24,0.0496111111111111,131.4,16.1,18.5,11.5,78.4,278.1,16.3,16.7,6633,2.775
traincgf,25,0.0584027777777778,121.6,21.6,22.8,7,20.2,340.8,16.4,11.9,6637.7,2.0953125
traincgf,26,0.0542916666666667,115.3,16.1,34.6,8.6,54.4,305,13.4,13.2,6639.4,2.503125
traincgf,27,0.0557777777777778,131.7,12.7,21.6,9.1,30.4,328.5,18.2,11.5,6636.3,2.3484375
traincgf,28,0.0540416666666667,130.8,13.4,21.8,9.6,42.8,315.6,15.8,12.9,6637.3,2.31875
traincgf,29,0.0455972222222222,131.8,14.3,19.9,9,106.5,252.5,14.1,18.5,6633.4,3.5296875
traincgf,30,0.0540138888888889,114.6,18.8,32.6,9.4,58.7,299.9,11.8,16.4,6637.8,2.83125
traincgf,31,0.0522083333333333,126.9,18,21.1,7.2,62.5,298.3,16.3,15,6634.7,2.9078125
traincgf,32,0.0555,115.1,15.2,35.7,6.5,43.4,318.1,14.4,9.7,6641.9,2.4109375
traincgf,33,0.0484444444444444,131.4,17.4,17.2,6.6,89.5,271.9,18.8,16.9,6630.3,3.4265625
traincgf,34,0.0565833333333333,122.7,19.3,24,6.7,30.9,330.4,15.2,11.8,6639,2.54375
traincgf,35,0.0523611111111111,131,13.2,21.8,7.7,53.8,306.5,15.6,12.2,6638.2,3.05
traincgf,36,0.0488194444444445,126.2,22.1,17.7,6.5,90,271.5,16.6,17.1,6632.3,3.6765625
traincgf,37,0.0497222222222222,130.5,17.9,17.6,8.4,79.2,280.4,16.5,17.2,6632.3,3.875
traincgf,38,0.0418611111111111,134.1,14.5,17.4,5.9,134.1,228,16.1,19.5,6630.4,5.0390625
traincgf,39,0.0484861111111111,133,12.9,20.1,7.9,80.7,279.4,18.1,10.7,6637.2,4.340625
traincgf,40,0.0538055555555556,123.7,20.5,21.8,5.9,54.3,307.8,14.2,17.2,6634.6,3.3484375
traincgf,41,0.0509583333333333,129.4,15.6,21,7.8,66.5,293.7,15.7,13.1,6637.2,3.2703125
traincgf,42,0.0486666666666667,130,18.3,17.7,5.3,87.7,275,18.5,15.6,6631.9,4.04375
traincgf,43,0.0491805555555556,128.2,18,19.8,5.2,83.2,279.6,16.4,15.1,6634.5,4.065625
traincgf,44,0.0507638888888889,128.2,19.5,18.3,5.8,71.9,290.3,16.6,15,6634.4,3.5203125
traincgf,45,0.051,129.6,17,19.4,6.9,66.2,294.9,14.9,14.1,6637,3.540625
traincgf,46,0.0484305555555556,130.8,16.5,18.7,5.3,84,278.7,16.4,13.1,6636.5,4.046875
traincgf,47,0.0456944444444444,134.1,15.2,16.7,7.2,104.3,256.5,17.7,15.7,6632.6,4.6453125
traincgf,48,0.047,134.2,14.6,17.2,7.1,96,264.9,18.3,16.3,6631.4,4.375
traincgf,49,0.0464166666666667,133.8,14.2,18,5.4,96.5,266.1,18.1,12.4,6635.5,4.3265625
traincgf,50,0.0444305555555556,133.2,16.2,16.6,6.7,114.1,247.2,17.6,15.6,6632.8,4.846875
traincgf,51,0.04975,127.2,19.9,18.9,5.8,78.6,283.6,14.8,15.2,6636,4.378125
traincgf,52,0.0424166666666667,133,15.1,17.9,4.7,129.6,233.7,16.7,17.3,6632,5.309375
traincgf,53,0.041875,133.3,17.4,15.3,6,135.5,226.5,18.1,18.2,6629.7,4.9828125
traincgf,54,0.0453611111111111,130.1,18.6,17.3,6.5,111.1,250.4,17.4,16.4,6632.2,5.2140625
traincgf,55,0.04925,131,15.9,19.1,7.2,80.2,280.6,17.3,14.5,6634.2,4.2875
traincgf,56,0.0464722222222222,135.1,12.7,18.2,6.6,94.6,266.8,16.4,13.9,6635.7,4.7515625
traincgf,57,0.049625,129.3,18.8,17.9,5.1,78.6,284.3,16.9,14.3,6634.8,5.0609375
traincgf,58,0.0379166666666667,137.9,11.4,16.7,6.3,158.3,203.4,17.8,17.4,6630.8,15.825
traincgf,59,0.0428888888888889,132.7,14,19.3,4.8,124.1,239.1,17.5,14.1,6634.4,14.8375
traincgf,60,0.0509166666666667,129.5,16.5,20,4,65.4,298.6,17.1,10.4,6638.5,10.5203125
traincgf,61,0.0479305555555556,121.8,15.2,29,4.4,97.3,266.3,17.4,12.8,6635.8,12.8140625
traincgf,62,0.0495277777777778,132.8,14.8,18.4,4.3,73.9,289.8,18.2,11.1,6636.7,11.24375
traincgf,63,0.0475277777777778,132,16.1,17.9,3.6,92.3,272.1,18.9,13.6,6633.5,12.5546875
traincgf,64,0.0533888888888889,125.6,16.6,23.8,4,50.3,313.7,16.5,9.8,6639.7,9.453125
traincgf,65,0.0400694444444444,134,15.7,16.3,4.1,146.2,217.7,18.9,15.8,6631.3,17.0921875
traincgf,66,0.0490972222222222,131.7,15.4,18.9,4.2,77.2,286.6,17.9,10.5,6637.6,11.6765625
traincgf,67,0.0407916666666667,135.5,15.6,14.9,3.8,138.3,225.9,18.3,15.2,6632.5,16.9765625
traincgf,68,0.0452222222222222,133.5,16.8,15.7,3.4,110.7,253.9,19.6,16.2,6630.2,13.7671875
traincgf,69,0.0495972222222222,127.6,18.4,20,3.4,78.6,286,18.3,11,6636.7,11.9015625
traincgf,70,0.0425416666666667,135.6,13.6,16.8,3.3,125.3,239.4,18.7,14.5,6632.8,16.0890625
traincgf,71,0.0392083333333333,133.7,15.7,16.6,3.5,149.5,215,16.7,14.8,6634.5,17.8484375
traincgf,72,0.0499722222222222,127.1,20.2,18.7,3.5,76.4,288.1,16.1,13.2,6636.7,12.278125
traincgf,73,0.0477638888888889,132,16.6,17.4,3.1,88.8,276.1,19.6,11.1,6635.3,14.0390625
traincgf,74,0.0427916666666667,133.4,14.8,17.8,3.6,123.9,240.5,18.5,12.9,6634.6,16.8125
traincgf,75,0.0442083333333333,136.1,14.7,15.2,3.9,114.4,249.7,19.5,15.3,6631.2,15.778125
traincgf,76,0.0439722222222222,132.6,17.4,16,4.2,118.1,245.7,18.6,14.7,6632.7,15.2625
traincgf,77,0.0424027777777778,136.5,14.6,14.9,4.2,126.3,237.5,19.7,14.4,6631.9,18.3
traincgf,78,0.0489444444444444,128.2,20.3,17.5,2.7,85,280.3,18.2,13.4,6634.4,14.6171875
traincgf,79,0.043625,134.1,15,16.9,4.2,117,246.8,18.2,13,6634.8,17.2953125
traincgf,80,0.0419166666666667,132.1,15.9,18,4.1,131.4,232.5,16.3,15,6634.7,17.0375
traincgf,81,0.0420416666666667,130,18.1,17.9,2.5,131.8,233.7,16.9,13.6,6635.5,17.6578125
traincgf,82,0.0460555555555556,134.6,14.2,17.2,4.5,96,267.5,18,10.2,6637.8,15.7734375
traincgf,83,0.0497777777777778,134,11.6,20.4,4.1,70.2,293.7,19.5,9.1,6637.4,16.05625
traincgf,84,0.0434166666666667,130.8,16,19.2,3.1,123.1,241.8,18.3,14.2,6633.5,16.828125
traincgf,85,0.0470972222222222,131.1,11.4,23.5,3.4,91.4,273.2,16.7,10.9,6638.4,15.6640625
traincgf,86,0.046375,135.1,13.4,17.5,3.9,98.4,265.7,21.1,12.3,6632.6,16.5796875
traincgf,87,0.0414861111111111,133.4,18.4,14.2,2.4,136.6,229,19.2,15.5,6631.3,20.9265625
traincgf,88,0.0460972222222222,134.8,12.6,18.6,3.3,96.3,268.4,18.9,10.1,6637,17.415625
traincgf,89,0.0515138888888889,127.6,18.3,20.1,2.5,63.2,302.3,17.1,10.6,6638.3,16.7890625
traincgf,90,0.0438333333333333,131.7,16.6,17.7,2.7,119.4,245.9,18.8,13.9,6633.3,18.478125
traincgf,91,0.0507777777777778,125.7,20.5,19.8,2.1,71.1,294.8,18.5,9.9,6637.6,15.8078125
traincgf,92,0.0553888888888889,115.4,15.3,35.3,4.4,64.8,298.8,22.7,22.3,6621,14.7203125
traincgf,93,0.0449166666666667,131.7,17,17.3,3,110.9,254.1,17.9,14.1,6634,18.9046875
traincgf,94,0.05,125.9,15.9,24.2,2.9,75.4,289.7,16.5,10.8,6638.7,18.078125
traincgf,95,0.0499722222222222,124.5,20,21.5,2.7,77,288.3,16.1,11.2,6638.7,17.2859375
traincgf,96,0.0371666666666667,134.5,16.7,14.8,2.3,163.5,202.2,17.3,14.3,6634.4,26.1796875
traincgf,97,0.0394861111111111,134.6,15.8,15.6,1.4,148.4,218.2,18.4,14.9,6632.7,22.4078125
traincgf,98,0.0469583333333333,129.3,17.6,19.1,2.5,96,269.5,18.4,11,6636.6,18.109375
traincgf,99,0.0448888888888889,137.3,14,14.7,3.5,106.5,258,20.9,12.1,6633,21.203125
traincgf,100,0.0446805555555556,132.8,16.5,16.7,2.6,110.9,254.5,18.5,12.9,6634.6,21.128125
traincgf,101,0.0468472222222222,132.4,14.5,19.1,2.7,95.2,270.1,20.4,10.5,6635.1,18.5265625
traincgf,102,0.0452916666666667,132.3,13.7,20,3,104.3,260.7,18,10.7,6637.3,21.5984375
traincgf,103,0.0481944444444444,127.1,17,21.9,1.6,86.8,279.6,16.6,10.3,6639.1,19.36875
traincgf,104,0.0427638888888889,133.9,16.4,15.7,2,124.2,241.8,19.2,12.8,6634,21.11875
traincgf,105,0.0418194444444444,132.5,16.7,16.8,1.7,131.4,234.9,18.3,12.7,6635,25.8671875
traincgf,106,0.0492638888888889,132.2,15,18.8,3.1,75.2,289.7,18.2,9.9,6637.9,17.0234375
traincgf,107,0.0431111111111111,132,15,19,1.5,122.9,243.6,18.9,12.4,6634.7,22.9265625
traincgf,108,0.042,134.5,15.8,15.7,2.2,130.1,235.7,19.9,13.1,6633,24.0234375
traincgf,109,0.0467916666666667,134,13.6,18.4,2.4,93,272.6,19.3,10.6,6636.1,19.4359375
traincgf,110,0.045125,132.1,15.2,18.7,2.7,105.8,259.5,17.1,11.7,6637.2,22.090625
traincgf,111,0.0467916666666667,131.1,16.3,18.6,2.1,94,271.9,17.8,10.2,6638,21.865625
traincgf,112,0.0440694444444444,132.1,15.4,18.5,2.5,113.6,251.9,17.3,11.7,6637,23.68125
traincgf,113,0.0482916666666667,132,16.3,17.7,2.5,82.7,282.8,18.4,10,6637.6,18.48125
traincgf,114,0.0439861111111111,134.6,15.6,15.8,2.5,115.7,249.8,20.6,12.4,6633,21.934375
traincgf,115,0.0447916666666667,130.1,17.8,18.1,2,111.5,254.5,17,13.1,6635.9,24.165625
traincgf,116,0.0428194444444444,133.9,16.2,15.9,2.4,123.6,242,17.9,13.9,6634.2,23.1546875
traincgf,117,0.0441666666666667,132.9,16.9,16.2,1.9,114.1,252,18.4,12.6,6635,22.5171875
traincgf,118,0.04575,131.8,16.6,17.6,1.8,103.4,262.8,19.3,11.3,6635.4,23.3609375
traincgf,119,0.0431944444444444,134.7,14.4,16.9,2.9,120.3,244.8,19.1,12.9,6634,24.6546875
traincgf,120,0.0482361111111111,130.6,15.7,19.7,2,85.6,280.4,19.5,10,6636.5,19.09375
traincgf,121,0.046625,132,15.2,18.8,2.4,97.4,268.2,19.8,11.3,6634.9,22.7609375
traincgf,122,0.046625,128,16,22,1.7,100,266.3,18.4,11.3,6636.3,23.6390625
traincgf,123,0.0441666666666667,134.6,15.5,15.9,2.5,114.3,251.2,20.4,12.5,6633.1,26.384375
traincgf,124,0.0486666666666667,119.7,16.5,29.8,1.7,90.8,275.5,16.4,10.5,6639.1,20.9875
traincgf,125,0.0439166666666667,123.5,14.2,28.3,2.2,124,241.8,17.5,12.2,6636.3,29.3609375
traincgf,126,0.0484583333333333,131.4,14.3,20.3,2,81.6,284.4,18.2,9.7,6638.1,21.6140625
traincgf,127,0.0429027777777778,134.6,16,15.4,1.4,120.8,245.8,18.1,12.2,6635.7,26.959375
traincgf,128,0.0472916666666667,130,17.5,18.5,1.3,93.8,272.9,18.9,11.4,6635.7,21.5265625
traincgf,129,0.0428194444444444,132.9,17.5,15.6,2,123.4,242.6,18.3,12.3,6635.4,31.240625
traincgf,130,0.0486944444444444,131.4,17.9,16.7,2.2,81.4,284.4,19.8,9.6,6636.6,23.9296875
traincgf,131,0.0515,127.8,15.8,22.4,1.4,62.2,304.4,19.6,7.2,6639.2,22.2859375
traincgf,132,0.04825,132.1,17,16.9,2.6,83.9,281.5,19.1,10.3,6636.6,24.1390625
traincgf,133,0.05175,123,16.2,26.8,2,63.5,302.5,16.6,8.5,6640.9,22.2421875
traincgf,134,0.0483888888888889,128.2,16,21.8,1.6,86.2,280.2,18.4,10.4,6637.2,25.8171875
traincgf,135,0.0454027777777778,135.1,15.3,15.6,1.2,102.3,264.5,19.9,10.4,6635.7,28.9171875
traincgf,136,0.0479583333333333,130.2,17.1,18.7,1.6,88.1,278.3,19.4,10.2,6636.4,25.3390625
traincgf,137,0.0468194444444444,129.9,17.4,18.7,1.3,96.9,269.8,18.5,11.4,6636.1,25.34375
traincgf,138,0.046625,128.7,19,18.3,1.1,99.1,267.8,17.4,12.1,6636.5,28.81875
traincgf,139,0.0514583333333333,121.3,18.7,26,1.7,66.4,299.9,15.3,8.9,6641.8,20.6109375
traincgf,140,0.0509166666666667,114.3,18.8,32.9,1.7,77.2,289.1,14.2,9.9,6641.9,23.8015625
traincgf,141,0.0476666666666667,124.3,15.8,25.9,1.8,94.1,272.1,16.4,11.2,6638.4,27.4609375
traincgf,142,0.0530972222222222,124.8,17.2,24,1.7,51.4,314.9,16.6,7.9,6641.5,22.85625
traincgf,143,0.0545833333333333,117.9,17.5,30.6,1.8,47.6,318.6,16.5,8,6641.5,20.61875
traincgf,144,0.0458472222222222,130.5,13.7,21.8,1.9,103.6,262.5,18.1,12.1,6635.8,31.6890625
traincgf,145,0.0510138888888889,125.5,13.9,26.6,2,67.4,298.6,16.6,9.6,6639.8,23.665625
traincgf,146,0.0486527777777778,130.3,16.9,18.8,2.3,79.5,286.2,16.8,9.3,6639.9,27.6625
traincgf,147,0.046125,134.5,12.3,19.2,1.7,97.9,268.4,20.4,10.1,6635.5,31.7796875
traincgf,148,0.0509861111111111,131.5,12.8,21.7,2.1,63.2,302.7,19.1,8.7,6638.2,22.0828125
traincgf,149,0.0514305555555556,123.2,13.8,29,2.2,65.7,300.1,17,8.2,6640.8,25.128125
traincgf,150,0.0466527777777778,126.6,16.7,22.7,1.5,98.1,268.4,16.4,10.2,6639.4,30.6125
